pop,pop
rap,rap
dance pop,pop
post-teen pop,pop
pop rap,pop
trap,rap
reggaeton,rap
trap latino,rap
latin,latin
hip hop,rap
melodic rap,rap
canadian pop,pop
electropop,pop
pop dance,pop
atl hip hop,rap
german hip hop,rap
uk pop,pop
edm,pop
chicago rap,pop
k-pop,pop
reggaeton colombiano,rap
tropical house,pop
brooklyn drill,rap
philly rap,rap
rock,rock
canadian hip hop,rap
k-pop boy group,pop
north carolina hip hop,rap
toronto rap,rap
r&b,r&b
southern hip hop,rap
detroit hip hop,rap
canadian contemporary r&b,r&b
modern rock,rock
puerto rican pop,pop
reggaeton flow,rap
alt z,rock
viral pop,pop
adult standards,rock
k-pop girl group,pop
ohio hip hop,rap
conscious hip hop,rap
colombian pop,pop
lounge,pop
latin hip hop,rap
slap house,pop
pop rock,rock
funk carioca,rock
latin pop,pop
trap queen,rap
boy band,pop
alternative r&b,r&b
atl trap,rap
contemporary country,pop
emo rap,rap
classic rock,rock
miami hip hop,rap
easy listening,pop
sertanejo universitario,pop
permanent wave,rock
australian pop,pop
vocal jazz,pop
hamburg hip hop,rap
pittsburgh rap,rap
mellow gold,rock
italian pop,pop
uk hip hop,rap
trap argentino,rap
electro house,pop
sertanejo,latin
dfw rap,rap
soft rock,rock
pop urbaine,pop
french hip hop,rap
uk dance,pop
sertanejo pop,pop
indie cafe pop,pop
cali rap,rap
panamanian pop,pop
talent show,pop
trap boricua,rap
australian hip hop,rap
underground hip hop,rap
nyc rap,rap
viral rap,rap
argentine hip hop,rap
lgbtq+ hip hop,rap
album rock,rock
canadian trap,rap
german cloud rap,rap
pop edm,pop
forro,latin
urban contemporary,pop
german pop,pop
italian hip hop,rap
house,pop
indie pop,pop
indie poptimism,pop
francoton,rap
rap francais,rap
pop venezolano,pop
german drill,rap
progressive house,pop
german dance,pop
r&b en espanol,r&b
escape room,pop
houston rap,rap
sad rap,rap
pop nacional,pop
neo mellow,pop
beatlesque,rock
rap conscient,rap
new wave pop,pop
soul,r&b
vapor trap,rap
hip pop,rap
neo-psychedelic,rock
piseiro,rap
australian psych,rock
art pop,pop
australian dance,pop
trap italiana,rap
social media pop,pop
etherpop,pop
german trap,rap
nz pop,pop
kentucky hip hop,rap
gangster rap,rap
memphis hip hop,rap
funk pop,pop
dmv rap,rap
electronic trap,rap
indie rock italiano,rock
glam rock,rock
dutch edm,pop
progressive electro house,pop
bedroom pop,pop
modern alternative rock,rock
country road,pop
brostep,pop
art rock,rock
chill r&b,r&b
rockabilly,rock
pop soul,pop
europop,pop
dominican pop,pop
minnesota hip hop,rap
modern indie pop,pop
german alternative rap,rap
eurovision,pop
pop house,pop
piano rock,rock
pop reggaeton,pop
deep house,pop
deep euro house,pop
florida rap,rap
rap latina,rap
pagode baiano,pop
trap soul,rap
deep underground hip hop,rap
urbano espanol,rap
brill building pop,pop
trap triste,rap
metropopolis,pop
new wave,rock
jazz pop,pop
country,pop
queens hip hop,rap
funk ostentacao,rock
regional mexican,rock
singer-songwriter,pop
motown,rock
london rap,rap
frauenrap,rap
basshall,rap
yacht rock,rock
comic,pop
new romantic,pop
indie pop rap,rap
belgian hip hop,rap
synthpop,pop
heartland rock,rock
funk,rock
quiet storm,rrock
rap belge,rap
oakland hip hop,rap
trance,pop
hard rock,rock
rock-and-roll,rock
mariachi,latin
nuevo regional mexicano,latin
melodic metalcore,rock
metalcore,rock
uk metalcore,rock
girl group,pop
ranchera,latin
disco,pop
swing,rap
afroswing,rap
hardcore hip hop,rap
pop r&b,r&b
folk rock,rock
rhode island rap,rap
british soul,r&b
dembow,pop
plugg,rap
brega funk,rock
sheffield indie,pop
indietronica,pop
albanian hip hop,rap
madchester,rock
new french touch,pop
italian adult pop,pop
dream smp,pop
britpop,pop
rap marseille,rap
folk-pop,pop
bedroom soul,r&b
funk paulista,rock
modern country rock,pop
east coast hip hop,rap
rap dominicano,rap
neo soul,r&b
garage rock,rock
meme rap,rap
venezuelan hip hop,pop
r&b brasileiro,r&b
grime,rap
south african house,pop
moombahton,pop
uk funky,pop
big room,pop
country rock,rock
southern soul,r&b
new orleans rap,rap
deep german hip hop,rap
classic soul,r&b
chicago soul,r&b
gauze pop,pop
uk alternative hip hop,rap
alternative pop rock,rock
canadian latin,pop
rap cearense,rap
trap brasileiro,rap
a cappella,pop
swedish pop,pop
indie r&b,r&b
jawaiian,pop
jazz funk,pop
west coast rap,rap
acoustic pop,pop
shiver pop,pop
trap chileno,rap
perreo,latin
pop argentino,pop
christlicher rap,rap
indie rockism,rock
german underground rap,rap
k-rap,rap
chicago drill,rap
australian rock,rock
drill,rap
electro latino,pop
banda,latin
corrido,latin
norteno,latin
champeta,latin
scandipop,pop
brazilian hip hop,pop
soundtrack,pop
pacific islands pop,pop
tennessee hip hop,rap
dutch pop,pop
weirdcore,rock
afrofuturism,rock
uk alternative pop,pop
sunnlensk tonlist,pop
icelandic pop,pop
chicago indie,rock
bubblegrunge,rock
boston hip hop,rap
trancecore,rock
oulu metal,rock
latin viral pop,pop
nouvelle chanson francaise,pop
nyc pop,pop
funk 150 bpm,rock
rap metal,rap
post-grunge,rock
nu metal,rock
alternative metal,rock
seattle hip hop,rap
grunge,rock
irish singer-songwriter,r&b
norwegian pop,pop
dance rock,rock
folktronica,rock
eau claire indie,rock
rave funk,rock
sudanese pop,pop
png pop,popo
melanesian pop,pop
torch song,pop
vancouver indie,rock
show tunes,pop
hollywood,pop
eurodance,pop
classic uk pop,pop
punk,rock
irish folk,r&b
folk punk,rock
celtic rock,rock
celtic punk,rock
celtic,rock
american folk revival,pop
musical advocacy,pop
dreamo,rock
indie surf,rock
cumbia pop,pop
tekk,rock
cubaton,pop
funk bh,rock
surf punk,rock
vegas indie,pop
old school rap francais,rap
italian pop rock,rock
italian indie pop,pop
indonesian pop,pop
german techno,rock
german trance,rock
aussietronica,rock
mexican hip hop,pop
rap conciencia,rap
turkish trap,rap